Number,Title,Description,Category,Labels,Priority,Effort,Acceptance Criteria
1,"Initialize monorepo with Turborepo","Set up Turborepo configuration with proper workspace definitions and task pipelines",Setup & DevOps,devops;setup;infrastructure,high,medium,"turbo.json configured with all workspaces|Task pipelines defined (build, test, lint, etc)|Cache configuration optimized|Local development works without issues"
2,"Setup TypeScript configurations","Configure TypeScript with strict mode, proper aliases, and monorepo paths",Setup & DevOps,devops;setup;typescript,high,medium,"Root tsconfig.json with base configuration|Workspace-specific tsconfig files|Path aliases working correctly|Type checking passes for all packages"
3,"Configure ESLint for monorepo","Set up ESLint with shared configuration across all packages",Setup & DevOps,devops;linting;code-quality,high,small,"Shared ESLint config in packages/config|All packages inherit from base config|Type-aware rules enabled|npm run lint works across monorepo"
4,"Setup Prettier code formatting","Configure Prettier with consistent formatting rules for entire project",Setup & DevOps,devops;code-quality;formatting,high,small,"Prettier config in root .prettierrc.json|npm run format applies to all packages|Formatting consistent across all files|Pre-commit hooks integrated"
5,"Setup environment variable management","Create .env templates and configuration management system",Setup & DevOps,devops;config;security,high,medium,".env.example with all required variables|Separate configs for dev, test, prod|Type-safe environment variables|Validation on app startup"
6,"Setup Docker for frontend","Create Dockerfile for Next.js application with multi-stage builds",Setup & DevOps,devops;docker;deployment,high,medium,"Multi-stage Dockerfile optimized for production|Development and production builds work|Image size optimized|Health checks configured"
7,"Setup Docker for backend","Create Dockerfile for NestJS application with proper dependencies",Setup & DevOps,devops;docker;deployment,high,medium,"Multi-stage Dockerfile for NestJS|Production dependencies optimized|Runtime configuration working|Logging configured"
8,"Setup Docker Compose for local development","Configure docker-compose.yml with all services (frontend, backend, postgres, redis)",Setup & DevOps,devops;docker;local-development,high,medium,"docker-compose.yml with frontend, backend, postgres, redis|Volumes configured for development|Health checks for each service|npm run dev works with Docker"
9,"Setup GitHub Actions CI pipeline","Create CI/CD pipeline for linting, testing, and building",Setup & DevOps,devops;ci-cd;github-actions,high,large,"Lint step runs on all pull requests|Tests run and report coverage|Build step verifies all packages|Artifacts uploaded for debugging|Pipeline succeeds before merge"
10,"Setup GitHub Actions deployment pipeline","Create CD pipeline for deploying to staging and production",Setup & DevOps,devops;ci-cd;deployment,medium,large,"Deployment triggered on main branch push|Docker images built and pushed to registry|Secrets properly configured|Rollback strategy defined"
11,"Setup Git hooks for code quality","Configure Husky and lint-staged for pre-commit hooks",Setup & DevOps,devops;code-quality;git,medium,small,"Husky configured for pre-commit|Lint-staged runs ESLint and Prettier|Commit blocked if linting fails|Works on all development machines"
12,"Setup development database","Configure PostgreSQL for local development with Docker",Setup & DevOps,devops;database;setup,high,medium,"PostgreSQL service in docker-compose|Database created and accessible|Migrations run on startup|Seed data available for testing"
13,"Setup Redis for caching","Configure Redis service for caching and session management",Setup & DevOps,devops;redis;caching,medium,small,"Redis service configured in docker-compose|Connection pooling configured|Health checks working|TTL policies defined"
14,"Setup project documentation structure","Create comprehensive documentation with architecture, API specs, and guides",Setup & DevOps,documentation;setup,medium,medium,"docs/ folder with architecture.md|API specification complete|Smart contract documentation|Development guide for contributors"
15,"Create project LICENSE","Add MIT license to the project",Setup & DevOps,admin;setup,low,small,"LICENSE file in repository root|License headers in source files|SPDX identifier in package.json"
16,"Setup frontend development environment","Configure Next.js development environment with hot reload and debugging",Setup & DevOps,frontend;setup;development,high,medium,"next.config.js configured|Hot module reloading working|Source maps for debugging|Environment variables injected"
17,"Setup backend development environment","Configure NestJS development with hot reload and debugging",Setup & DevOps,backend;setup;development,high,medium,"NestJS dev server with watch mode|Source maps configured|Debug mode available|Database migrations on startup"
18,"Setup Soroban development environment","Configure Rust/Soroban toolchain for smart contract development",Setup & DevOps,contracts;setup;development,high,medium,"Rust toolchain configured|Soroban CLI installed and working|Contract build process working|Test environment set up"
19,"Setup logging infrastructure","Configure structured logging for frontend and backend",Setup & DevOps,devops;logging;observability,medium,medium,"Winston configured for backend logging|Log levels (debug, info, warn, error) working|Frontend error tracking configured|Logs can be aggregated centrally"
20,"Setup monitoring and alerts","Configure basic monitoring and alerting system",Setup & DevOps,devops;monitoring;observability,medium,large,"Health check endpoints configured|Metrics collection set up|Alerts configured for critical errors|Dashboard for monitoring"
21,"Create CONTRIBUTING guide","Document contribution guidelines and development workflow",Setup & DevOps,documentation;community,medium,small,"CONTRIBUTING.md with clear guidelines|Code style requirements documented|PR process explained|Link to code of conduct"
22,"Create CODE_OF_CONDUCT","Establish code of conduct for community interactions",Setup & DevOps,community;admin,low,small,"CODE_OF_CONDUCT.md created|Referenced in README and CONTRIBUTING|Clear guidelines for respectful interaction"
23,"Setup package.json workspaces","Configure npm workspaces for monorepo management",Setup & DevOps,devops;setup,high,small,"Root package.json declares all workspaces|npm install installs all dependencies|Cross-workspace imports working|Dependency validation passing"
24,"Setup dependency version management","Establish strategy for managing dependency versions across monorepo",Setup & DevOps,devops;dependencies,medium,small,"Shared dependencies defined in root|Version conflicts resolved|npm audit passes|Upgrade strategy documented"
25,"Create security scanning workflow","Setup automated security scanning for dependencies and code",Setup & DevOps,devops;security;ci-cd,high,medium,"Dependency vulnerability scanning enabled|Code security scanning configured|Results reported in PR checks|Security issues block merging"
26,"Create performance benchmarking setup","Setup tools and processes for performance testing",Setup & DevOps,devops;performance;testing,low,medium,"Benchmark tests defined|Performance metrics tracked|Regressions detected automatically|Dashboard for viewing trends"
27,"Setup release management process","Configure automated versioning and release workflow",Setup & DevOps,devops;release,medium,large,"Semantic versioning enforced|Changelog auto-generated|Git tags created on release|Release notes published"
28,"Create emergency incident response plan","Document procedures for handling production incidents",Setup & DevOps,devops;operations,medium,medium,"Incident response guide documented|Escalation procedures defined|Rollback procedures tested|Communication plan established"
29,"Setup backup and disaster recovery","Configure automated backups and disaster recovery procedures",Setup & DevOps,devops;operations;security,high,large,"Database backups automated|Recovery time objective (RTO) defined|Disaster recovery drill scheduled|Backup storage redundant"
30,"Create project roadmap","Document project roadmap and vision for major phases",Setup & DevOps,documentation;planning,medium,medium,"Roadmap.md with phases|Major milestones defined|Timeline estimated|Team alignment on priorities"
31,"Create User model and schema","Define User database schema with email, password, profile fields",Authentication & User Management,backend;database;auth,high,medium,"User entity with email, password, profile fields|Email uniqueness constraint|Password hashing with bcrypt|Timestamps for created/updated"
32,"Implement user registration endpoint","Create POST /auth/register endpoint with validation",Authentication & User Management,backend;api;auth,high,medium,"Email validation on format|Password strength validation|Password confirmation matching|Error handling for duplicate email|Returns new user profile"
33,"Implement user login endpoint","Create POST /auth/login endpoint with JWT generation",Authentication & User Management,backend;api;auth;jwt,high,medium,"Email/password validation|JWT token generation|Refresh token generation|Expiration times configured|Secure cookie setup (if applicable)"
34,"Implement JWT token refresh endpoint","Create POST /auth/refresh endpoint for token renewal",Authentication & User Management,backend;api;auth;jwt,high,small,"Validates refresh token|Issues new access token|Maintains session data|Prevents token reuse"
35,"Implement logout endpoint","Create POST /auth/logout endpoint for token invalidation",Authentication & User Management,backend;api;auth,medium,small,"Invalidates refresh token|Clears session data|Returns 200 success"
36,"Setup JWT authentication guards","Create NestJS JWT guards for route protection",Authentication & User Management,backend;security;auth,high,medium,"JWT guard validates tokens|Handles expired tokens|Returns 401 for missing/invalid tokens|Extracts user from token"
37,"Implement email verification","Add email verification flow with confirmation links",Authentication & User Management,backend;auth;email,medium,large,"Verification email sent on signup|Confirmation link validates email|Prevents login before verification|Token expires after 24 hours"
38,"Implement password reset flow","Create forgot password and password reset functionality",Authentication & User Management,backend;auth;email,high,large,"Password reset email sent|Reset link valid for 1 hour|New password validated|Old password invalidated"
39,"Implement role-based access control (RBAC)","Add role and permission system for different user types",Authentication & User Management,backend;auth;security,high,large,"User roles (admin, user, guest)|Permission mapping to roles|Guards check permissions|Admin endpoints protected"
40,"Implement two-factor authentication (2FA)","Add optional 2FA using TOTP for enhanced security",Authentication & User Management,backend;auth;security,medium,large,"TOTP setup endpoint|QR code generation|Verification on login|Backup codes generated"
41,"Create user profile endpoint","Implement GET /users/me for retrieving user profile",Authentication & User Management,backend;api;user,high,small,"Returns authenticated user profile|Includes user preferences|Response cached appropriately"
42,"Implement profile update endpoint","Create PUT /users/me for updating user profile",Authentication & User Management,backend;api;user,high,small,"Updates first/last name|Updates profile picture|Validates input|Returns updated profile"
43,"Implement profile picture upload","Add file upload for user profile pictures with image optimization",Authentication & User Management,backend;storage;user,medium,large,"File upload to storage service|Image resizing and optimization|URL stored in database|Old image cleaned up"
44,"Implement user account deletion","Create endpoint for user to delete their account",Authentication & User Management,backend;user;security,medium,medium,"Requires password confirmation|Deletes user data (GDPR compliant)|Invalidates all tokens|Sends confirmation email"
45,"Create session management system","Implement session tracking and management",Authentication & User Management,backend;auth;security,medium,medium,"Sessions tracked in database|Device information stored|Session expiration enforced|Multiple sessions per user allowed"
46,"Implement device management","Add ability to view and manage trusted devices",Authentication & User Management,backend;security;user,medium,large,"List all active devices/sessions|Logout from specific device|Logout from all devices|Device fingerprinting for tracking"
47,"Implement login activity log","Track and display user login history",Authentication & User Management,backend;security;logging,medium,medium,"Login events stored with timestamp|IP address and device recorded|Suspicious activity detection|User can view login history"
48,"Implement rate limiting on auth endpoints","Add rate limiting to prevent brute force attacks",Authentication & User Management,backend;security,high,medium,"Login endpoint rate limited|Registration endpoint rate limited|Increasing delays on failed attempts|IP-based and user-based limits"
49,"Implement account lockout protection","Lock account after multiple failed login attempts",Authentication & User Management,backend;security,high,medium,"Account locked after 5 failed attempts|Unlock email sent to user|Time-based unlock (30 minutes)|Admin can manually unlock"
50,"Implement OAuth 2.0 support","Add OAuth 2.0 authentication with popular providers",Authentication & User Management,backend;auth;third-party,medium,large,"Google OAuth integration|GitHub OAuth integration|User info mapped to profile|Account linking for existing users"
51,"Create password strength validator","Implement password strength checking and requirements",Authentication & User Management,backend;security;validation,medium,small,"Minimum 8 characters|Mix of uppercase, lowercase, numbers, special chars|Not common passwords|User information not in password"
52,"Implement user preferences system","Create system for storing user preferences and settings",Authentication & User Management,backend;database;user,medium,medium,"User preferences stored per user|Update preferences endpoint|Get preferences endpoint|Defaults defined for new users"
53,"Implement notification preferences","Allow users to configure notification settings",Authentication & User Management,backend;notifications;user,medium,medium,"Email notification preferences|Push notification preferences|Notification types configurable|Frequency settings (daily digest, etc)"
54,"Create user profile validation","Implement comprehensive validation for profile fields",Authentication & User Management,backend;validation;user,low,small,"Email format validation|Name length validation|Special characters handled|XSS prevention"
55,"Implement audit logging for auth events","Log all authentication-related events for security audit",Authentication & User Management,backend;security;logging,medium,medium,"Login/logout events logged|Password change events logged|Permission changes logged|Admin access logged"
56,"Create authentication middleware","Implement NestJS middleware for authentication checks",Authentication & User Management,backend;auth,high,small,"Authenticates requests|Extracts user from token|Passes to next middleware|Handles errors gracefully"
57,"Implement user search and directory","Add ability to search for users (for admin purposes)",Authentication & User Management,backend;api;admin,low,medium,"Search by email, name|Paginated results|Admin-only access|Performance optimized"
58,"Create user activity dashboard","Backend endpoint for user activity statistics",Authentication & User Management,backend;api;analytics,low,medium,"Active users count|Recently active users|Login frequency stats|Account creation trends"
59,"Implement user ban/suspension system","Add admin capability to ban or suspend users",Authentication & User Management,backend;admin;security,medium,medium,"Ban user endpoint|Suspend user endpoint|Ban reason stored|Banned users cannot login"
60,"Create user onboarding flow","Design backend endpoints to support onboarding process",Authentication & User Management,backend;user,medium,large,"Welcome email sent|Setup wizard state stored|Skip onboarding option|Track completion"
61,"Implement data export functionality","Allow users to export their data in standard formats",Authentication & User Management,backend;user;privacy,medium,large,"Export to JSON format|Export to CSV format|Includes all user data|GDPR compliant"
62,"Setup authentication integration tests","Write comprehensive tests for auth workflows",Authentication & User Management,testing;auth;backend,high,large,"Registration flow tested|Login/logout tested|Token refresh tested|Error scenarios covered|80%+ coverage"
63,"Implement authentication error tracking","Track and alert on authentication errors",Authentication & User Management,backend;security;monitoring,medium,medium,"Failed login attempts tracked|Unusual patterns detected|Alerts for repeated failures|Admin dashboard shows stats"
64,"Create JWT token blacklist system","Implement token blacklist for revoked tokens",Authentication & User Management,backend;security;auth,medium,medium,"Tokens can be manually revoked|Blacklist checked on validation|Expired blacklist entries cleaned|Redis used for performance"
65,"Implement CSRF protection","Add CSRF token validation to state-changing endpoints",Authentication & User Management,backend;security,high,medium,"CSRF tokens generated|Tokens validated on POST/PUT/DELETE|Tokens renewed after use|Tokens SameSite compliant"
66,"Setup Freighter wallet integration","Implement setup freighter wallet integration for wallet management",Wallet Integration,frontend;wallet;stellar,high,small,"Setup Freighter wallet integration functionality working|Tests passing|No console errors|Accessibility compliant"
67,"Implement Ledger hardware wallet support","Implement implement ledger hardware wallet support for wallet management",Wallet Integration,frontend;wallet;stellar,high,medium,"Implement Ledger hardware wallet support functionality working|Tests passing|No console errors|Accessibility compliant"
68,"Add Trezor wallet support","Implement add trezor wallet support for wallet management",Wallet Integration,frontend;wallet;stellar,high,large,"Add Trezor wallet support functionality working|Tests passing|No console errors|Accessibility compliant"
69,"Create wallet detection logic","Implement create wallet detection logic for wallet management",Wallet Integration,frontend;wallet;stellar,high,small,"Create wallet detection logic functionality working|Tests passing|No console errors|Accessibility compliant"
70,"Implement transaction signing","Implement implement transaction signing for wallet management",Wallet Integration,frontend;wallet;stellar,high,medium,"Implement transaction signing functionality working|Tests passing|No console errors|Accessibility compliant"
71,"Create wallet connection UI","Implement create wallet connection ui for wallet management",Wallet Integration,frontend;wallet;stellar,medium,large,"Create wallet connection UI functionality working|Tests passing|No console errors|Accessibility compliant"
72,"Add wallet balance fetching","Implement add wallet balance fetching for wallet management",Wallet Integration,frontend;wallet;stellar,medium,small,"Add wallet balance fetching functionality working|Tests passing|No console errors|Accessibility compliant"
73,"Implement asset listing","Implement implement asset listing for wallet management",Wallet Integration,frontend;wallet;stellar,medium,medium,"Implement asset listing functionality working|Tests passing|No console errors|Accessibility compliant"
74,"Create wallet switching functionality","Implement create wallet switching functionality for wallet management",Wallet Integration,frontend;wallet;stellar,medium,large,"Create wallet switching functionality functionality working|Tests passing|No console errors|Accessibility compliant"
75,"Add wallet account management","Implement add wallet account management for wallet management",Wallet Integration,frontend;wallet;stellar,medium,small,"Add wallet account management functionality working|Tests passing|No console errors|Accessibility compliant"
76,"Implement wallet import from seed phrase","Implement implement wallet import from seed phrase for wallet management",Wallet Integration,frontend;wallet;stellar,medium,medium,"Implement wallet import from seed phrase functionality working|Tests passing|No console errors|Accessibility compliant"
77,"Create hardware wallet pairing flow","Implement create hardware wallet pairing flow for wallet management",Wallet Integration,frontend;wallet;stellar,medium,large,"Create hardware wallet pairing flow functionality working|Tests passing|No console errors|Accessibility compliant"
78,"Add wallet address validation","Implement add wallet address validation for wallet management",Wallet Integration,frontend;wallet;stellar,medium,small,"Add wallet address validation functionality working|Tests passing|No console errors|Accessibility compliant"
79,"Implement public key extraction","Implement implement public key extraction for wallet management",Wallet Integration,frontend;wallet;stellar,medium,medium,"Implement public key extraction functionality working|Tests passing|No console errors|Accessibility compliant"
80,"Create wallet permissions system","Implement create wallet permissions system for wallet management",Wallet Integration,frontend;wallet;stellar,medium,large,"Create wallet permissions system functionality working|Tests passing|No console errors|Accessibility compliant"
81,"Add wallet backup warning","Implement add wallet backup warning for wallet management",Wallet Integration,frontend;wallet;stellar,low,small,"Add wallet backup warning functionality working|Tests passing|No console errors|Accessibility compliant"
82,"Implement wallet recovery options","Implement implement wallet recovery options for wallet management",Wallet Integration,frontend;wallet;stellar,low,medium,"Implement wallet recovery options functionality working|Tests passing|No console errors|Accessibility compliant"
83,"Create whitelist/blacklist features","Implement create whitelist/blacklist features for wallet management",Wallet Integration,frontend;wallet;stellar,low,large,"Create whitelist/blacklist features functionality working|Tests passing|No console errors|Accessibility compliant"
84,"Add multi-wallet support","Implement add multi-wallet support for wallet management",Wallet Integration,frontend;wallet;stellar,low,small,"Add multi-wallet support functionality working|Tests passing|No console errors|Accessibility compliant"
85,"Implement wallet aliases","Implement implement wallet aliases for wallet management",Wallet Integration,frontend;wallet;stellar,low,medium,"Implement wallet aliases functionality working|Tests passing|No console errors|Accessibility compliant"
86,"Create wallet activity timeline","Implement create wallet activity timeline for wallet management",Wallet Integration,frontend;wallet;stellar,low,large,"Create wallet activity timeline functionality working|Tests passing|No console errors|Accessibility compliant"
87,"Add wallet statistics dashboard","Implement add wallet statistics dashboard for wallet management",Wallet Integration,frontend;wallet;stellar,low,small,"Add wallet statistics dashboard functionality working|Tests passing|No console errors|Accessibility compliant"
88,"Implement spend limits feature","Implement implement spend limits feature for wallet management",Wallet Integration,frontend;wallet;stellar,low,medium,"Implement spend limits feature functionality working|Tests passing|No console errors|Accessibility compliant"
89,"Create wallet notifications","Implement create wallet notifications for wallet management",Wallet Integration,frontend;wallet;stellar,low,large,"Create wallet notifications functionality working|Tests passing|No console errors|Accessibility compliant"
90,"Add wallet export functionality","Implement add wallet export functionality for wallet management",Wallet Integration,frontend;wallet;stellar,low,small,"Add wallet export functionality functionality working|Tests passing|No console errors|Accessibility compliant"
91,"Implement network selection","Implement implement network selection for wallet management",Wallet Integration,frontend;wallet;stellar,low,medium,"Implement network selection functionality working|Tests passing|No console errors|Accessibility compliant"
92,"Create testnet/mainnet toggle","Implement create testnet/mainnet toggle for wallet management",Wallet Integration,frontend;wallet;stellar,low,large,"Create testnet/mainnet toggle functionality working|Tests passing|No console errors|Accessibility compliant"
93,"Add wallet settings management","Implement add wallet settings management for wallet management",Wallet Integration,frontend;wallet;stellar,low,small,"Add wallet settings management functionality working|Tests passing|No console errors|Accessibility compliant"
94,"Implement wallet security checklist","Implement implement wallet security checklist for wallet management",Wallet Integration,frontend;wallet;stellar,low,medium,"Implement wallet security checklist functionality working|Tests passing|No console errors|Accessibility compliant"
95,"Create wallet onboarding guide","Implement create wallet onboarding guide for wallet management",Wallet Integration,frontend;wallet;stellar,low,large,"Create wallet onboarding guide functionality working|Tests passing|No console errors|Accessibility compliant"
96,"Add wallet state synchronization","Implement add wallet state synchronization for wallet management",Wallet Integration,frontend;wallet;stellar,low,small,"Add wallet state synchronization functionality working|Tests passing|No console errors|Accessibility compliant"
97,"Implement wallet caching","Implement implement wallet caching for wallet management",Wallet Integration,frontend;wallet;stellar,low,medium,"Implement wallet caching functionality working|Tests passing|No console errors|Accessibility compliant"
98,"Create offline mode support","Implement create offline mode support for wallet management",Wallet Integration,frontend;wallet;stellar,low,large,"Create offline mode support functionality working|Tests passing|No console errors|Accessibility compliant"
99,"Add wallet connection timeout handling","Implement add wallet connection timeout handling for wallet management",Wallet Integration,frontend;wallet;stellar,low,small,"Add wallet connection timeout handling functionality working|Tests passing|No console errors|Accessibility compliant"
100,"Implement wallet error recovery","Implement implement wallet error recovery for wallet management",Wallet Integration,frontend;wallet;stellar,low,medium,"Implement wallet error recovery functionality working|Tests passing|No console errors|Accessibility compliant"
101,"Create wallet transaction history","Implement create wallet transaction history for wallet management",Wallet Integration,frontend;wallet;stellar,low,large,"Create wallet transaction history functionality working|Tests passing|No console errors|Accessibility compliant"
102,"Add wallet filtering options","Implement add wallet filtering options for wallet management",Wallet Integration,frontend;wallet;stellar,low,small,"Add wallet filtering options functionality working|Tests passing|No console errors|Accessibility compliant"
103,"Implement wallet sorting","Implement implement wallet sorting for wallet management",Wallet Integration,frontend;wallet;stellar,low,medium,"Implement wallet sorting functionality working|Tests passing|No console errors|Accessibility compliant"
104,"Create custom gas price settings","Implement create custom gas price settings for wallet management",Wallet Integration,frontend;wallet;stellar,low,large,"Create custom gas price settings functionality working|Tests passing|No console errors|Accessibility compliant"
105,"Add memo/note field for transactions","Implement add memo/note field for transactions for wallet management",Wallet Integration,frontend;wallet;stellar,low,small,"Add memo/note field for transactions functionality working|Tests passing|No console errors|Accessibility compliant"
106,"Implement wallet activity export","Implement implement wallet activity export for wallet management",Wallet Integration,frontend;wallet;stellar,low,medium,"Implement wallet activity export functionality working|Tests passing|No console errors|Accessibility compliant"
107,"Create wallet sharing (view-only)","Implement create wallet sharing (view-only) for wallet management",Wallet Integration,frontend;wallet;stellar,low,large,"Create wallet sharing (view-only) functionality working|Tests passing|No console errors|Accessibility compliant"
108,"Add wallet recommendations","Implement add wallet recommendations for wallet management",Wallet Integration,frontend;wallet;stellar,low,small,"Add wallet recommendations functionality working|Tests passing|No console errors|Accessibility compliant"
109,"Implement wallet security audit","Implement implement wallet security audit for wallet management",Wallet Integration,frontend;wallet;stellar,low,medium,"Implement wallet security audit functionality working|Tests passing|No console errors|Accessibility compliant"
110,"Create emergency wallet recovery","Implement create emergency wallet recovery for wallet management",Wallet Integration,frontend;wallet;stellar,low,large,"Create emergency wallet recovery functionality working|Tests passing|No console errors|Accessibility compliant"
111,"Add metadata storage for wallets","Implement add metadata storage for wallets for wallet management",Wallet Integration,frontend;wallet;stellar,low,small,"Add metadata storage for wallets functionality working|Tests passing|No console errors|Accessibility compliant"
112,"Implement wallet versioning","Implement implement wallet versioning for wallet management",Wallet Integration,frontend;wallet;stellar,low,medium,"Implement wallet versioning functionality working|Tests passing|No console errors|Accessibility compliant"
113,"Create wallet compatibility checker","Implement create wallet compatibility checker for wallet management",Wallet Integration,frontend;wallet;stellar,low,large,"Create wallet compatibility checker functionality working|Tests passing|No console errors|Accessibility compliant"
114,"Add wallet upgrade notifications","Implement add wallet upgrade notifications for wallet management",Wallet Integration,frontend;wallet;stellar,low,small,"Add wallet upgrade notifications functionality working|Tests passing|No console errors|Accessibility compliant"
115,"Implement wallet auto-connect feature","Implement implement wallet auto-connect feature for wallet management",Wallet Integration,frontend;wallet;stellar,low,medium,"Implement wallet auto-connect feature functionality working|Tests passing|No console errors|Accessibility compliant"
116,"Implement VaultContract deposit function","Implement VaultContract deposit function for smart contract functionality",Smart Contract Development,contracts;rust;soroban;backend,high,small,"Implement VaultContract deposit function implemented and tested|Contract compiles without errors|Tests passing with 80%+ coverage|Code reviewed and approved"
117,"Implement VaultContract withdrawal function","Implement VaultContract withdrawal function for smart contract functionality",Smart Contract Development,contracts;rust;soroban;backend,high,medium,"Implement VaultContract withdrawal function implemented and tested|Contract compiles without errors|Tests passing with 80%+ coverage|Code reviewed and approved"
118,"Create balance tracking in contracts","Create balance tracking in contracts for smart contract functionality",Smart Contract Development,contracts;rust;soroban;backend,high,large,"Create balance tracking in contracts implemented and tested|Contract compiles without errors|Tests passing with 80%+ coverage|Code reviewed and approved"
119,"Implement share calculation","Implement share calculation for smart contract functionality",Smart Contract Development,contracts;rust;soroban;backend,high,small,"Implement share calculation implemented and tested|Contract compiles without errors|Tests passing with 80%+ coverage|Code reviewed and approved"
120,"Add access control to contracts","Add access control to contracts for smart contract functionality",Smart Contract Development,contracts;rust;soroban;backend,high,medium,"Add access control to contracts implemented and tested|Contract compiles without errors|Tests passing with 80%+ coverage|Code reviewed and approved"
121,"Create VaultContract testing suite","Create VaultContract testing suite for smart contract functionality",Smart Contract Development,contracts;rust;soroban;backend,high,large,"Create VaultContract testing suite implemented and tested|Contract compiles without errors|Tests passing with 80%+ coverage|Code reviewed and approved"
122,"Implement TokenContract minting","Implement TokenContract minting for smart contract functionality",Smart Contract Development,contracts;rust;soroban;backend,high,small,"Implement TokenContract minting implemented and tested|Contract compiles without errors|Tests passing with 80%+ coverage|Code reviewed and approved"
123,"Implement TokenContract burning","Implement TokenContract burning for smart contract functionality",Smart Contract Development,contracts;rust;soroban;backend,high,medium,"Implement TokenContract burning implemented and tested|Contract compiles without errors|Tests passing with 80%+ coverage|Code reviewed and approved"
124,"Add token transfer functionality","Add token transfer functionality for smart contract functionality",Smart Contract Development,contracts;rust;soroban;backend,high,large,"Add token transfer functionality implemented and tested|Contract compiles without errors|Tests passing with 80%+ coverage|Code reviewed and approved"
125,"Create approval system for tokens","Create approval system for tokens for smart contract functionality",Smart Contract Development,contracts;rust;soroban;backend,high,small,"Create approval system for tokens implemented and tested|Contract compiles without errors|Tests passing with 80%+ coverage|Code reviewed and approved"
126,"Implement allowance tracking","Implement allowance tracking for smart contract functionality",Smart Contract Development,contracts;rust;soroban;backend,medium,medium,"Implement allowance tracking implemented and tested|Contract compiles without errors|Tests passing with 80%+ coverage|Code reviewed and approved"
127,"Add TokenContract testing suite","Add TokenContract testing suite for smart contract functionality",Smart Contract Development,contracts;rust;soroban;backend,medium,large,"Add TokenContract testing suite implemented and tested|Contract compiles without errors|Tests passing with 80%+ coverage|Code reviewed and approved"
128,"Create PaymentContract structure","Create PaymentContract structure for smart contract functionality",Smart Contract Development,contracts;rust;soroban;backend,medium,small,"Create PaymentContract structure implemented and tested|Contract compiles without errors|Tests passing with 80%+ coverage|Code reviewed and approved"
129,"Implement payment creation","Implement payment creation for smart contract functionality",Smart Contract Development,contracts;rust;soroban;backend,medium,medium,"Implement payment creation implemented and tested|Contract compiles without errors|Tests passing with 80%+ coverage|Code reviewed and approved"
130,"Implement payment execution","Implement payment execution for smart contract functionality",Smart Contract Development,contracts;rust;soroban;backend,medium,large,"Implement payment execution implemented and tested|Contract compiles without errors|Tests passing with 80%+ coverage|Code reviewed and approved"
131,"Add payment cancellation","Add payment cancellation for smart contract functionality",Smart Contract Development,contracts;rust;soroban;backend,medium,small,"Add payment cancellation implemented and tested|Contract compiles without errors|Tests passing with 80%+ coverage|Code reviewed and approved"
132,"Create payment status tracking","Create payment status tracking for smart contract functionality",Smart Contract Development,contracts;rust;soroban;backend,medium,medium,"Create payment status tracking implemented and tested|Contract compiles without errors|Tests passing with 80%+ coverage|Code reviewed and approved"
133,"Implement payment timeouts","Implement payment timeouts for smart contract functionality",Smart Contract Development,contracts;rust;soroban;backend,medium,large,"Implement payment timeouts implemented and tested|Contract compiles without errors|Tests passing with 80%+ coverage|Code reviewed and approved"
134,"Add PaymentContract testing suite","Add PaymentContract testing suite for smart contract functionality",Smart Contract Development,contracts;rust;soroban;backend,medium,small,"Add PaymentContract testing suite implemented and tested|Contract compiles without errors|Tests passing with 80%+ coverage|Code reviewed and approved"
135,"Create contract initialization logic","Create contract initialization logic for smart contract functionality",Smart Contract Development,contracts;rust;soroban;backend,medium,medium,"Create contract initialization logic implemented and tested|Contract compiles without errors|Tests passing with 80%+ coverage|Code reviewed and approved"
136,"Implement contract upgrade mechanism","Implement contract upgrade mechanism for smart contract functionality",Smart Contract Development,contracts;rust;soroban;backend,medium,large,"Implement contract upgrade mechanism implemented and tested|Contract compiles without errors|Tests passing with 80%+ coverage|Code reviewed and approved"
137,"Add event emission for all transactions","Add event emission for all transactions for smart contract functionality",Smart Contract Development,contracts;rust;soroban;backend,medium,small,"Add event emission for all transactions implemented and tested|Contract compiles without errors|Tests passing with 80%+ coverage|Code reviewed and approved"
138,"Create contract state serialization","Create contract state serialization for smart contract functionality",Smart Contract Development,contracts;rust;soroban;backend,medium,medium,"Create contract state serialization implemented and tested|Contract compiles without errors|Tests passing with 80%+ coverage|Code reviewed and approved"
139,"Implement decimal handling","Implement decimal handling for smart contract functionality",Smart Contract Development,contracts;rust;soroban;backend,medium,large,"Implement decimal handling implemented and tested|Contract compiles without errors|Tests passing with 80%+ coverage|Code reviewed and approved"
140,"Add overflow protection","Add overflow protection for smart contract functionality",Smart Contract Development,contracts;rust;soroban;backend,medium,small,"Add overflow protection implemented and tested|Contract compiles without errors|Tests passing with 80%+ coverage|Code reviewed and approved"
141,"Create contract documentation","Create contract documentation for smart contract functionality",Smart Contract Development,contracts;rust;soroban;backend,low,medium,"Create contract documentation implemented and tested|Contract compiles without errors|Tests passing with 80%+ coverage|Code reviewed and approved"
142,"Implement contract visibility settings","Implement contract visibility settings for smart contract functionality",Smart Contract Development,contracts;rust;soroban;backend,low,large,"Implement contract visibility settings implemented and tested|Contract compiles without errors|Tests passing with 80%+ coverage|Code reviewed and approved"
143,"Add contract pause/unpause functionality","Add contract pause/unpause functionality for smart contract functionality",Smart Contract Development,contracts;rust;soroban;backend,low,small,"Add contract pause/unpause functionality implemented and tested|Contract compiles without errors|Tests passing with 80%+ coverage|Code reviewed and approved"
144,"Create admin role management","Create admin role management for smart contract functionality",Smart Contract Development,contracts;rust;soroban;backend,low,medium,"Create admin role management implemented and tested|Contract compiles without errors|Tests passing with 80%+ coverage|Code reviewed and approved"
145,"Implement emergency stop mechanism","Implement emergency stop mechanism for smart contract functionality",Smart Contract Development,contracts;rust;soroban;backend,low,large,"Implement emergency stop mechanism implemented and tested|Contract compiles without errors|Tests passing with 80%+ coverage|Code reviewed and approved"
146,"Add contract metrics tracking","Add contract metrics tracking for smart contract functionality",Smart Contract Development,contracts;rust;soroban;backend,low,small,"Add contract metrics tracking implemented and tested|Contract compiles without errors|Tests passing with 80%+ coverage|Code reviewed and approved"
147,"Create contract gas optimization","Create contract gas optimization for smart contract functionality",Smart Contract Development,contracts;rust;soroban;backend,low,medium,"Create contract gas optimization implemented and tested|Contract compiles without errors|Tests passing with 80%+ coverage|Code reviewed and approved"
148,"Implement contract batch operations","Implement contract batch operations for smart contract functionality",Smart Contract Development,contracts;rust;soroban;backend,low,large,"Implement contract batch operations implemented and tested|Contract compiles without errors|Tests passing with 80%+ coverage|Code reviewed and approved"
149,"Add contract hook system","Add contract hook system for smart contract functionality",Smart Contract Development,contracts;rust;soroban;backend,low,small,"Add contract hook system implemented and tested|Contract compiles without errors|Tests passing with 80%+ coverage|Code reviewed and approved"
150,"Create contract extension points","Create contract extension points for smart contract functionality",Smart Contract Development,contracts;rust;soroban;backend,low,medium,"Create contract extension points implemented and tested|Contract compiles without errors|Tests passing with 80%+ coverage|Code reviewed and approved"
151,"Implement contract version management","Implement contract version management for smart contract functionality",Smart Contract Development,contracts;rust;soroban;backend,low,large,"Implement contract version management implemented and tested|Contract compiles without errors|Tests passing with 80%+ coverage|Code reviewed and approved"
152,"Add contract compatibility layer","Add contract compatibility layer for smart contract functionality",Smart Contract Development,contracts;rust;soroban;backend,low,small,"Add contract compatibility layer implemented and tested|Contract compiles without errors|Tests passing with 80%+ coverage|Code reviewed and approved"
153,"Create contract migration tools","Create contract migration tools for smart contract functionality",Smart Contract Development,contracts;rust;soroban;backend,low,medium,"Create contract migration tools implemented and tested|Contract compiles without errors|Tests passing with 80%+ coverage|Code reviewed and approved"
154,"Implement contract state validation","Implement contract state validation for smart contract functionality",Smart Contract Development,contracts;rust;soroban;backend,low,large,"Implement contract state validation implemented and tested|Contract compiles without errors|Tests passing with 80%+ coverage|Code reviewed and approved"
155,"Add contract invariant checks","Add contract invariant checks for smart contract functionality",Smart Contract Development,contracts;rust;soroban;backend,low,small,"Add contract invariant checks implemented and tested|Contract compiles without errors|Tests passing with 80%+ coverage|Code reviewed and approved"
156,"Create contract security audit checklist","Create contract security audit checklist for smart contract functionality",Smart Contract Development,contracts;rust;soroban;backend,low,medium,"Create contract security audit checklist implemented and tested|Contract compiles without errors|Tests passing with 80%+ coverage|Code reviewed and approved"
157,"Implement contract rate limiting","Implement contract rate limiting for smart contract functionality",Smart Contract Development,contracts;rust;soroban;backend,low,large,"Implement contract rate limiting implemented and tested|Contract compiles without errors|Tests passing with 80%+ coverage|Code reviewed and approved"
158,"Add contract whitelist/blacklist","Add contract whitelist/blacklist for smart contract functionality",Smart Contract Development,contracts;rust;soroban;backend,low,small,"Add contract whitelist/blacklist implemented and tested|Contract compiles without errors|Tests passing with 80%+ coverage|Code reviewed and approved"
159,"Create contract suspension mechanism","Create contract suspension mechanism for smart contract functionality",Smart Contract Development,contracts;rust;soroban;backend,low,medium,"Create contract suspension mechanism implemented and tested|Contract compiles without errors|Tests passing with 80%+ coverage|Code reviewed and approved"
160,"Add contract recovery procedures","Add contract recovery procedures for smart contract functionality",Smart Contract Development,contracts;rust;soroban;backend,low,large,"Add contract recovery procedures implemented and tested|Contract compiles without errors|Tests passing with 80%+ coverage|Code reviewed and approved"
161,"Implement contract logging","Implement contract logging for smart contract functionality",Smart Contract Development,contracts;rust;soroban;backend,low,small,"Implement contract logging implemented and tested|Contract compiles without errors|Tests passing with 80%+ coverage|Code reviewed and approved"
162,"Create contract monitoring system","Create contract monitoring system for smart contract functionality",Smart Contract Development,contracts;rust;soroban;backend,low,medium,"Create contract monitoring system implemented and tested|Contract compiles without errors|Tests passing with 80%+ coverage|Code reviewed and approved"
163,"Add contract performance testing","Add contract performance testing for smart contract functionality",Smart Contract Development,contracts;rust;soroban;backend,low,large,"Add contract performance testing implemented and tested|Contract compiles without errors|Tests passing with 80%+ coverage|Code reviewed and approved"
164,"Implement contract fuzzing tests","Implement contract fuzzing tests for smart contract functionality",Smart Contract Development,contracts;rust;soroban;backend,low,small,"Implement contract fuzzing tests implemented and tested|Contract compiles without errors|Tests passing with 80%+ coverage|Code reviewed and approved"
165,"Create contract static analysis","Create contract static analysis for smart contract functionality",Smart Contract Development,contracts;rust;soroban;backend,low,medium,"Create contract static analysis implemented and tested|Contract compiles without errors|Tests passing with 80%+ coverage|Code reviewed and approved"
166,"Create User service","Create User service for backend API",Backend API,backend;nestjs;api,high,small,"Create User service implemented|Unit tests passing|Integration tests passing|Code review approved"
167,"Create Wallet management service","Create Wallet management service for backend API",Backend API,backend;nestjs;api,high,medium,"Create Wallet management service implemented|Unit tests passing|Integration tests passing|Code review approved"
168,"Create Asset tracking service","Create Asset tracking service for backend API",Backend API,backend;nestjs;api,high,large,"Create Asset tracking service implemented|Unit tests passing|Integration tests passing|Code review approved"
169,"Create Transaction service","Create Transaction service for backend API",Backend API,backend;nestjs;api,high,small,"Create Transaction service implemented|Unit tests passing|Integration tests passing|Code review approved"
170,"Create Contract interaction service","Create Contract interaction service for backend API",Backend API,backend;nestjs;api,high,medium,"Create Contract interaction service implemented|Unit tests passing|Integration tests passing|Code review approved"
171,"Implement database migrations","Implement database migrations for backend API",Backend API,backend;nestjs;api,high,large,"Implement database migrations implemented|Unit tests passing|Integration tests passing|Code review approved"
172,"Create TypeORM entities","Create TypeORM entities for backend API",Backend API,backend;nestjs;api,high,small,"Create TypeORM entities implemented|Unit tests passing|Integration tests passing|Code review approved"
173,"Implement error handling middleware","Implement error handling middleware for backend API",Backend API,backend;nestjs;api,high,medium,"Implement error handling middleware implemented|Unit tests passing|Integration tests passing|Code review approved"
174,"Create request validation","Create request validation for backend API",Backend API,backend;nestjs;api,high,large,"Create request validation implemented|Unit tests passing|Integration tests passing|Code review approved"
175,"Implement response formatting","Implement response formatting for backend API",Backend API,backend;nestjs;api,high,small,"Implement response formatting implemented|Unit tests passing|Integration tests passing|Code review approved"
176,"Create pagination system","Create pagination system for backend API",Backend API,backend;nestjs;api,medium,medium,"Create pagination system implemented|Unit tests passing|Integration tests passing|Code review approved"
177,"Implement sorting and filtering","Implement sorting and filtering for backend API",Backend API,backend;nestjs;api,medium,large,"Implement sorting and filtering implemented|Unit tests passing|Integration tests passing|Code review approved"
178,"Create caching layer","Create caching layer for backend API",Backend API,backend;nestjs;api,medium,small,"Create caching layer implemented|Unit tests passing|Integration tests passing|Code review approved"
179,"Implement cache invalidation","Implement cache invalidation for backend API",Backend API,backend;nestjs;api,medium,medium,"Implement cache invalidation implemented|Unit tests passing|Integration tests passing|Code review approved"
180,"Create rate limiting middleware","Create rate limiting middleware for backend API",Backend API,backend;nestjs;api,medium,large,"Create rate limiting middleware implemented|Unit tests passing|Integration tests passing|Code review approved"
181,"Implement CORS configuration","Implement CORS configuration for backend API",Backend API,backend;nestjs;api,medium,small,"Implement CORS configuration implemented|Unit tests passing|Integration tests passing|Code review approved"
182,"Create security headers middleware","Create security headers middleware for backend API",Backend API,backend;nestjs;api,medium,medium,"Create security headers middleware implemented|Unit tests passing|Integration tests passing|Code review approved"
183,"Implement input sanitization","Implement input sanitization for backend API",Backend API,backend;nestjs;api,medium,large,"Implement input sanitization implemented|Unit tests passing|Integration tests passing|Code review approved"
184,"Create API documentation","Create API documentation for backend API",Backend API,backend;nestjs;api,medium,small,"Create API documentation implemented|Unit tests passing|Integration tests passing|Code review approved"
185,"Implement API versioning","Implement API versioning for backend API",Backend API,backend;nestjs;api,medium,medium,"Implement API versioning implemented|Unit tests passing|Integration tests passing|Code review approved"
186,"Create health check endpoint","Create health check endpoint for backend API",Backend API,backend;nestjs;api,medium,large,"Create health check endpoint implemented|Unit tests passing|Integration tests passing|Code review approved"
187,"Implement metrics collection","Implement metrics collection for backend API",Backend API,backend;nestjs;api,medium,small,"Implement metrics collection implemented|Unit tests passing|Integration tests passing|Code review approved"
188,"Create logging system","Create logging system for backend API",Backend API,backend;nestjs;api,medium,medium,"Create logging system implemented|Unit tests passing|Integration tests passing|Code review approved"
189,"Implement error tracking","Implement error tracking for backend API",Backend API,backend;nestjs;api,medium,large,"Implement error tracking implemented|Unit tests passing|Integration tests passing|Code review approved"
190,"Create database connection pooling","Create database connection pooling for backend API",Backend API,backend;nestjs;api,medium,small,"Create database connection pooling implemented|Unit tests passing|Integration tests passing|Code review approved"
191,"Implement database transactions","Implement database transactions for backend API",Backend API,backend;nestjs;api,low,medium,"Implement database transactions implemented|Unit tests passing|Integration tests passing|Code review approved"
192,"Create backup system","Create backup system for backend API",Backend API,backend;nestjs;api,low,large,"Create backup system implemented|Unit tests passing|Integration tests passing|Code review approved"
193,"Implement database monitoring","Implement database monitoring for backend API",Backend API,backend;nestjs;api,low,small,"Implement database monitoring implemented|Unit tests passing|Integration tests passing|Code review approved"
194,"Create seed data scripts","Create seed data scripts for backend API",Backend API,backend;nestjs;api,low,medium,"Create seed data scripts implemented|Unit tests passing|Integration tests passing|Code review approved"
195,"Implement test database setup","Implement test database setup for backend API",Backend API,backend;nestjs;api,low,large,"Implement test database setup implemented|Unit tests passing|Integration tests passing|Code review approved"
196,"Create API integration tests","Create API integration tests for backend API",Backend API,backend;nestjs;api,low,small,"Create API integration tests implemented|Unit tests passing|Integration tests passing|Code review approved"
197,"Implement end-to-end tests","Implement end-to-end tests for backend API",Backend API,backend;nestjs;api,low,medium,"Implement end-to-end tests implemented|Unit tests passing|Integration tests passing|Code review approved"
198,"Create performance benchmarks","Create performance benchmarks for backend API",Backend API,backend;nestjs;api,low,large,"Create performance benchmarks implemented|Unit tests passing|Integration tests passing|Code review approved"
199,"Implement query optimization","Implement query optimization for backend API",Backend API,backend;nestjs;api,low,small,"Implement query optimization implemented|Unit tests passing|Integration tests passing|Code review approved"
200,"Create index management","Create index management for backend API",Backend API,backend;nestjs;api,low,medium,"Create index management implemented|Unit tests passing|Integration tests passing|Code review approved"
201,"Implement data validation schemas","Implement data validation schemas for backend API",Backend API,backend;nestjs;api,low,large,"Implement data validation schemas implemented|Unit tests passing|Integration tests passing|Code review approved"
202,"Create DTO transformers","Create DTO transformers for backend API",Backend API,backend;nestjs;api,low,small,"Create DTO transformers implemented|Unit tests passing|Integration tests passing|Code review approved"
203,"Implement request/response compression","Implement request/response compression for backend API",Backend API,backend;nestjs;api,low,medium,"Implement request/response compression implemented|Unit tests passing|Integration tests passing|Code review approved"
204,"Create webhook system","Create webhook system for backend API",Backend API,backend;nestjs;api,low,large,"Create webhook system implemented|Unit tests passing|Integration tests passing|Code review approved"
205,"Implement event bus","Implement event bus for backend API",Backend API,backend;nestjs;api,low,small,"Implement event bus implemented|Unit tests passing|Integration tests passing|Code review approved"
206,"Create task queue","Create task queue for backend API",Backend API,backend;nestjs;api,low,medium,"Create task queue implemented|Unit tests passing|Integration tests passing|Code review approved"
207,"Implement job scheduling","Implement job scheduling for backend API",Backend API,backend;nestjs;api,low,large,"Implement job scheduling implemented|Unit tests passing|Integration tests passing|Code review approved"
208,"Create file upload handling","Create file upload handling for backend API",Backend API,backend;nestjs;api,low,small,"Create file upload handling implemented|Unit tests passing|Integration tests passing|Code review approved"
209,"Implement file storage","Implement file storage for backend API",Backend API,backend;nestjs;api,low,medium,"Implement file storage implemented|Unit tests passing|Integration tests passing|Code review approved"
210,"Create image processing pipeline","Create image processing pipeline for backend API",Backend API,backend;nestjs;api,low,large,"Create image processing pipeline implemented|Unit tests passing|Integration tests passing|Code review approved"
211,"Implement mail service","Implement mail service for backend API",Backend API,backend;nestjs;api,low,small,"Implement mail service implemented|Unit tests passing|Integration tests passing|Code review approved"
212,"Create notification queue","Create notification queue for backend API",Backend API,backend;nestjs;api,low,medium,"Create notification queue implemented|Unit tests passing|Integration tests passing|Code review approved"
213,"Implement external API integrations","Implement external API integrations for backend API",Backend API,backend;nestjs;api,low,large,"Implement external API integrations implemented|Unit tests passing|Integration tests passing|Code review approved"
214,"Create SDK for API consumers","Create SDK for API consumers for backend API",Backend API,backend;nestjs;api,low,small,"Create SDK for API consumers implemented|Unit tests passing|Integration tests passing|Code review approved"
215,"Create application shell layout","Create application shell layout for frontend application",Frontend UI/UX,frontend;ui;nextjs;react,high,small,"Create application shell layout implemented|Styling complete|Responsive design working|Accessibility verified"
216,"Implement navigation menu","Implement navigation menu for frontend application",Frontend UI/UX,frontend;ui;nextjs;react,high,medium,"Implement navigation menu implemented|Styling complete|Responsive design working|Accessibility verified"
217,"Create dashboard page","Create dashboard page for frontend application",Frontend UI/UX,frontend;ui;nextjs;react,high,large,"Create dashboard page implemented|Styling complete|Responsive design working|Accessibility verified"
218,"Implement wallet selector","Implement wallet selector for frontend application",Frontend UI/UX,frontend;ui;nextjs;react,high,small,"Implement wallet selector implemented|Styling complete|Responsive design working|Accessibility verified"
219,"Create asset list view","Create asset list view for frontend application",Frontend UI/UX,frontend;ui;nextjs;react,high,medium,"Create asset list view implemented|Styling complete|Responsive design working|Accessibility verified"
220,"Implement asset detail page","Implement asset detail page for frontend application",Frontend UI/UX,frontend;ui;nextjs;react,high,large,"Implement asset detail page implemented|Styling complete|Responsive design working|Accessibility verified"
221,"Create transaction form","Create transaction form for frontend application",Frontend UI/UX,frontend;ui;nextjs;react,high,small,"Create transaction form implemented|Styling complete|Responsive design working|Accessibility verified"
222,"Implement transaction history","Implement transaction history for frontend application",Frontend UI/UX,frontend;ui;nextjs;react,high,medium,"Implement transaction history implemented|Styling complete|Responsive design working|Accessibility verified"
223,"Create user profile page","Create user profile page for frontend application",Frontend UI/UX,frontend;ui;nextjs;react,high,large,"Create user profile page implemented|Styling complete|Responsive design working|Accessibility verified"
224,"Implement settings page","Implement settings page for frontend application",Frontend UI/UX,frontend;ui;nextjs;react,high,small,"Implement settings page implemented|Styling complete|Responsive design working|Accessibility verified"
225,"Create authentication forms","Create authentication forms for frontend application",Frontend UI/UX,frontend;ui;nextjs;react,medium,medium,"Create authentication forms implemented|Styling complete|Responsive design working|Accessibility verified"
226,"Implement loading states","Implement loading states for frontend application",Frontend UI/UX,frontend;ui;nextjs;react,medium,large,"Implement loading states implemented|Styling complete|Responsive design working|Accessibility verified"
227,"Create error boundaries","Create error boundaries for frontend application",Frontend UI/UX,frontend;ui;nextjs;react,medium,small,"Create error boundaries implemented|Styling complete|Responsive design working|Accessibility verified"
228,"Implement error messages","Implement error messages for frontend application",Frontend UI/UX,frontend;ui;nextjs;react,medium,medium,"Implement error messages implemented|Styling complete|Responsive design working|Accessibility verified"
229,"Create toast notifications","Create toast notifications for frontend application",Frontend UI/UX,frontend;ui;nextjs;react,medium,large,"Create toast notifications implemented|Styling complete|Responsive design working|Accessibility verified"
230,"Implement modal dialogs","Implement modal dialogs for frontend application",Frontend UI/UX,frontend;ui;nextjs;react,medium,small,"Implement modal dialogs implemented|Styling complete|Responsive design working|Accessibility verified"
231,"Create form components","Create form components for frontend application",Frontend UI/UX,frontend;ui;nextjs;react,medium,medium,"Create form components implemented|Styling complete|Responsive design working|Accessibility verified"
232,"Implement form validation","Implement form validation for frontend application",Frontend UI/UX,frontend;ui;nextjs;react,medium,large,"Implement form validation implemented|Styling complete|Responsive design working|Accessibility verified"
233,"Create tables with sorting","Create tables with sorting for frontend application",Frontend UI/UX,frontend;ui;nextjs;react,medium,small,"Create tables with sorting implemented|Styling complete|Responsive design working|Accessibility verified"
234,"Implement data pagination","Implement data pagination for frontend application",Frontend UI/UX,frontend;ui;nextjs;react,medium,medium,"Implement data pagination implemented|Styling complete|Responsive design working|Accessibility verified"
235,"Create charts and graphs","Create charts and graphs for frontend application",Frontend UI/UX,frontend;ui;nextjs;react,medium,large,"Create charts and graphs implemented|Styling complete|Responsive design working|Accessibility verified"
236,"Implement responsive design","Implement responsive design for frontend application",Frontend UI/UX,frontend;ui;nextjs;react,medium,small,"Implement responsive design implemented|Styling complete|Responsive design working|Accessibility verified"
237,"Create mobile navigation","Create mobile navigation for frontend application",Frontend UI/UX,frontend;ui;nextjs;react,medium,medium,"Create mobile navigation implemented|Styling complete|Responsive design working|Accessibility verified"
238,"Implement dark/light theme","Implement dark/light theme for frontend application",Frontend UI/UX,frontend;ui;nextjs;react,medium,large,"Implement dark/light theme implemented|Styling complete|Responsive design working|Accessibility verified"
239,"Create accessibility compliance","Create accessibility compliance for frontend application",Frontend UI/UX,frontend;ui;nextjs;react,medium,small,"Create accessibility compliance implemented|Styling complete|Responsive design working|Accessibility verified"
240,"Implement keyboard navigation","Implement keyboard navigation for frontend application",Frontend UI/UX,frontend;ui;nextjs;react,low,medium,"Implement keyboard navigation implemented|Styling complete|Responsive design working|Accessibility verified"
241,"Create color scheme","Create color scheme for frontend application",Frontend UI/UX,frontend;ui;nextjs;react,low,large,"Create color scheme implemented|Styling complete|Responsive design working|Accessibility verified"
242,"Implement typography system","Implement typography system for frontend application",Frontend UI/UX,frontend;ui;nextjs;react,low,small,"Implement typography system implemented|Styling complete|Responsive design working|Accessibility verified"
243,"Create spacing system","Create spacing system for frontend application",Frontend UI/UX,frontend;ui;nextjs;react,low,medium,"Create spacing system implemented|Styling complete|Responsive design working|Accessibility verified"
244,"Implement component library","Implement component library for frontend application",Frontend UI/UX,frontend;ui;nextjs;react,low,large,"Implement component library implemented|Styling complete|Responsive design working|Accessibility verified"
245,"Create Storybook setup","Create Storybook setup for frontend application",Frontend UI/UX,frontend;ui;nextjs;react,low,small,"Create Storybook setup implemented|Styling complete|Responsive design working|Accessibility verified"
246,"Implement UI testing","Implement UI testing for frontend application",Frontend UI/UX,frontend;ui;nextjs;react,low,medium,"Implement UI testing implemented|Styling complete|Responsive design working|Accessibility verified"
247,"Create visual regression tests","Create visual regression tests for frontend application",Frontend UI/UX,frontend;ui;nextjs;react,low,large,"Create visual regression tests implemented|Styling complete|Responsive design working|Accessibility verified"
248,"Implement animation system","Implement animation system for frontend application",Frontend UI/UX,frontend;ui;nextjs;react,low,small,"Implement animation system implemented|Styling complete|Responsive design working|Accessibility verified"
249,"Create transition effects","Create transition effects for frontend application",Frontend UI/UX,frontend;ui;nextjs;react,low,medium,"Create transition effects implemented|Styling complete|Responsive design working|Accessibility verified"
250,"Implement skeleton loaders","Implement skeleton loaders for frontend application",Frontend UI/UX,frontend;ui;nextjs;react,low,large,"Implement skeleton loaders implemented|Styling complete|Responsive design working|Accessibility verified"
251,"Create empty states","Create empty states for frontend application",Frontend UI/UX,frontend;ui;nextjs;react,low,small,"Create empty states implemented|Styling complete|Responsive design working|Accessibility verified"
252,"Implement error screens","Implement error screens for frontend application",Frontend UI/UX,frontend;ui;nextjs;react,low,medium,"Implement error screens implemented|Styling complete|Responsive design working|Accessibility verified"
253,"Create success screens","Create success screens for frontend application",Frontend UI/UX,frontend;ui;nextjs;react,low,large,"Create success screens implemented|Styling complete|Responsive design working|Accessibility verified"
254,"Implement onboarding flow","Implement onboarding flow for frontend application",Frontend UI/UX,frontend;ui;nextjs;react,low,small,"Implement onboarding flow implemented|Styling complete|Responsive design working|Accessibility verified"
255,"Create tutorial system","Create tutorial system for frontend application",Frontend UI/UX,frontend;ui;nextjs;react,low,medium,"Create tutorial system implemented|Styling complete|Responsive design working|Accessibility verified"
256,"Implement help documentation","Implement help documentation for frontend application",Frontend UI/UX,frontend;ui;nextjs;react,low,large,"Implement help documentation implemented|Styling complete|Responsive design working|Accessibility verified"
257,"Create search functionality","Create search functionality for frontend application",Frontend UI/UX,frontend;ui;nextjs;react,low,small,"Create search functionality implemented|Styling complete|Responsive design working|Accessibility verified"
258,"Implement filters","Implement filters for frontend application",Frontend UI/UX,frontend;ui;nextjs;react,low,medium,"Implement filters implemented|Styling complete|Responsive design working|Accessibility verified"
259,"Create preferences UI","Create preferences UI for frontend application",Frontend UI/UX,frontend;ui;nextjs;react,low,large,"Create preferences UI implemented|Styling complete|Responsive design working|Accessibility verified"
260,"Implement activity feed","Implement activity feed for frontend application",Frontend UI/UX,frontend;ui;nextjs;react,low,small,"Implement activity feed implemented|Styling complete|Responsive design working|Accessibility verified"
261,"Create notifications center","Create notifications center for frontend application",Frontend UI/UX,frontend;ui;nextjs;react,low,medium,"Create notifications center implemented|Styling complete|Responsive design working|Accessibility verified"
262,"Implement breadcrumbs","Implement breadcrumbs for frontend application",Frontend UI/UX,frontend;ui;nextjs;react,low,large,"Implement breadcrumbs implemented|Styling complete|Responsive design working|Accessibility verified"
263,"Create footer component","Create footer component for frontend application",Frontend UI/UX,frontend;ui;nextjs;react,low,small,"Create footer component implemented|Styling complete|Responsive design working|Accessibility verified"
264,"Setup Jest for unit tests","Setup Jest for unit tests for quality assurance",Testing & Quality,testing;quality;devops,high,small,"Setup Jest for unit tests configured|Tests running successfully|Results being tracked|Team trained on usage"
265,"Setup Vitest for integration tests","Setup Vitest for integration tests for quality assurance",Testing & Quality,testing;quality;devops,high,medium,"Setup Vitest for integration tests configured|Tests running successfully|Results being tracked|Team trained on usage"
266,"Setup Cypress for E2E tests","Setup Cypress for E2E tests for quality assurance",Testing & Quality,testing;quality;devops,high,large,"Setup Cypress for E2E tests configured|Tests running successfully|Results being tracked|Team trained on usage"
267,"Create unit test templates","Create unit test templates for quality assurance",Testing & Quality,testing;quality;devops,high,small,"Create unit test templates configured|Tests running successfully|Results being tracked|Team trained on usage"
268,"Implement test coverage reporting","Implement test coverage reporting for quality assurance",Testing & Quality,testing;quality;devops,high,medium,"Implement test coverage reporting configured|Tests running successfully|Results being tracked|Team trained on usage"
269,"Create test data factories","Create test data factories for quality assurance",Testing & Quality,testing;quality;devops,high,large,"Create test data factories configured|Tests running successfully|Results being tracked|Team trained on usage"
270,"Setup test database","Setup test database for quality assurance",Testing & Quality,testing;quality;devops,high,small,"Setup test database configured|Tests running successfully|Results being tracked|Team trained on usage"
271,"Implement test utilities","Implement test utilities for quality assurance",Testing & Quality,testing;quality;devops,high,medium,"Implement test utilities configured|Tests running successfully|Results being tracked|Team trained on usage"
272,"Create snapshot tests","Create snapshot tests for quality assurance",Testing & Quality,testing;quality;devops,high,large,"Create snapshot tests configured|Tests running successfully|Results being tracked|Team trained on usage"
273,"Implement performance tests","Implement performance tests for quality assurance",Testing & Quality,testing;quality;devops,high,small,"Implement performance tests configured|Tests running successfully|Results being tracked|Team trained on usage"
274,"Create accessibility tests","Create accessibility tests for quality assurance",Testing & Quality,testing;quality;devops,medium,medium,"Create accessibility tests configured|Tests running successfully|Results being tracked|Team trained on usage"
275,"Implement security tests","Implement security tests for quality assurance",Testing & Quality,testing;quality;devops,medium,large,"Implement security tests configured|Tests running successfully|Results being tracked|Team trained on usage"
276,"Create API contract tests","Create API contract tests for quality assurance",Testing & Quality,testing;quality;devops,medium,small,"Create API contract tests configured|Tests running successfully|Results being tracked|Team trained on usage"
277,"Implement load testing","Implement load testing for quality assurance",Testing & Quality,testing;quality;devops,medium,medium,"Implement load testing configured|Tests running successfully|Results being tracked|Team trained on usage"
278,"Create stress testing suite","Create stress testing suite for quality assurance",Testing & Quality,testing;quality;devops,medium,large,"Create stress testing suite configured|Tests running successfully|Results being tracked|Team trained on usage"
279,"Implement continuous testing","Implement continuous testing for quality assurance",Testing & Quality,testing;quality;devops,medium,small,"Implement continuous testing configured|Tests running successfully|Results being tracked|Team trained on usage"
280,"Create test documentation","Create test documentation for quality assurance",Testing & Quality,testing;quality;devops,medium,medium,"Create test documentation configured|Tests running successfully|Results being tracked|Team trained on usage"
281,"Implement test CI/CD integration","Implement test CI/CD integration for quality assurance",Testing & Quality,testing;quality;devops,medium,large,"Implement test CI/CD integration configured|Tests running successfully|Results being tracked|Team trained on usage"
282,"Create test result reporting","Create test result reporting for quality assurance",Testing & Quality,testing;quality;devops,medium,small,"Create test result reporting configured|Tests running successfully|Results being tracked|Team trained on usage"
283,"Implement flaky test detection","Implement flaky test detection for quality assurance",Testing & Quality,testing;quality;devops,medium,medium,"Implement flaky test detection configured|Tests running successfully|Results being tracked|Team trained on usage"
284,"Create mutation testing","Create mutation testing for quality assurance",Testing & Quality,testing;quality;devops,low,large,"Create mutation testing configured|Tests running successfully|Results being tracked|Team trained on usage"
285,"Implement code coverage targets","Implement code coverage targets for quality assurance",Testing & Quality,testing;quality;devops,low,small,"Implement code coverage targets configured|Tests running successfully|Results being tracked|Team trained on usage"
286,"Create integration test suite","Create integration test suite for quality assurance",Testing & Quality,testing;quality;devops,low,medium,"Create integration test suite configured|Tests running successfully|Results being tracked|Team trained on usage"
287,"Implement contract testing","Implement contract testing for quality assurance",Testing & Quality,testing;quality;devops,low,large,"Implement contract testing configured|Tests running successfully|Results being tracked|Team trained on usage"
288,"Create visual testing","Create visual testing for quality assurance",Testing & Quality,testing;quality;devops,low,small,"Create visual testing configured|Tests running successfully|Results being tracked|Team trained on usage"
289,"Implement performance profiling","Implement performance profiling for quality assurance",Testing & Quality,testing;quality;devops,low,medium,"Implement performance profiling configured|Tests running successfully|Results being tracked|Team trained on usage"
290,"Create memory leak detection","Create memory leak detection for quality assurance",Testing & Quality,testing;quality;devops,low,large,"Create memory leak detection configured|Tests running successfully|Results being tracked|Team trained on usage"
291,"Implement test monitoring","Implement test monitoring for quality assurance",Testing & Quality,testing;quality;devops,low,small,"Implement test monitoring configured|Tests running successfully|Results being tracked|Team trained on usage"
292,"Create test analytics","Create test analytics for quality assurance",Testing & Quality,testing;quality;devops,low,medium,"Create test analytics configured|Tests running successfully|Results being tracked|Team trained on usage"
293,"Implement test optimization","Implement test optimization for quality assurance",Testing & Quality,testing;quality;devops,low,large,"Implement test optimization configured|Tests running successfully|Results being tracked|Team trained on usage"
294,"Implement payment creation","Implement payment creation for payment processing",Payments & Transactions,payments;transactions;backend,high,small,"Implement payment creation implemented and tested|Integration with Stellar working|All tests passing|Documentation updated"
295,"Create payment execution","Create payment execution for payment processing",Payments & Transactions,payments;transactions;backend,high,medium,"Create payment execution implemented and tested|Integration with Stellar working|All tests passing|Documentation updated"
296,"Implement payment verification","Implement payment verification for payment processing",Payments & Transactions,payments;transactions;backend,high,large,"Implement payment verification implemented and tested|Integration with Stellar working|All tests passing|Documentation updated"
297,"Create transaction validation","Create transaction validation for payment processing",Payments & Transactions,payments;transactions;backend,high,small,"Create transaction validation implemented and tested|Integration with Stellar working|All tests passing|Documentation updated"
298,"Implement transaction signing","Implement transaction signing for payment processing",Payments & Transactions,payments;transactions;backend,high,medium,"Implement transaction signing implemented and tested|Integration with Stellar working|All tests passing|Documentation updated"
299,"Create transaction broadcasting","Create transaction broadcasting for payment processing",Payments & Transactions,payments;transactions;backend,high,large,"Create transaction broadcasting implemented and tested|Integration with Stellar working|All tests passing|Documentation updated"
300,"Implement transaction tracking","Implement transaction tracking for payment processing",Payments & Transactions,payments;transactions;backend,high,small,"Implement transaction tracking implemented and tested|Integration with Stellar working|All tests passing|Documentation updated"
301,"Create transaction retry logic","Create transaction retry logic for payment processing",Payments & Transactions,payments;transactions;backend,high,medium,"Create transaction retry logic implemented and tested|Integration with Stellar working|All tests passing|Documentation updated"
302,"Implement payment confirmation","Implement payment confirmation for payment processing",Payments & Transactions,payments;transactions;backend,high,large,"Implement payment confirmation implemented and tested|Integration with Stellar working|All tests passing|Documentation updated"
303,"Create payment webhooks","Create payment webhooks for payment processing",Payments & Transactions,payments;transactions;backend,high,small,"Create payment webhooks implemented and tested|Integration with Stellar working|All tests passing|Documentation updated"
304,"Implement refund system","Implement refund system for payment processing",Payments & Transactions,payments;transactions;backend,medium,medium,"Implement refund system implemented and tested|Integration with Stellar working|All tests passing|Documentation updated"
305,"Create dispute handling","Create dispute handling for payment processing",Payments & Transactions,payments;transactions;backend,medium,large,"Create dispute handling implemented and tested|Integration with Stellar working|All tests passing|Documentation updated"
306,"Implement payment reversal","Implement payment reversal for payment processing",Payments & Transactions,payments;transactions;backend,medium,small,"Implement payment reversal implemented and tested|Integration with Stellar working|All tests passing|Documentation updated"
307,"Create transaction fees","Create transaction fees for payment processing",Payments & Transactions,payments;transactions;backend,medium,medium,"Create transaction fees implemented and tested|Integration with Stellar working|All tests passing|Documentation updated"
308,"Implement fee calculation","Implement fee calculation for payment processing",Payments & Transactions,payments;transactions;backend,medium,large,"Implement fee calculation implemented and tested|Integration with Stellar working|All tests passing|Documentation updated"
309,"Create price feed integration","Create price feed integration for payment processing",Payments & Transactions,payments;transactions;backend,medium,small,"Create price feed integration implemented and tested|Integration with Stellar working|All tests passing|Documentation updated"
310,"Implement currency conversion","Implement currency conversion for payment processing",Payments & Transactions,payments;transactions;backend,medium,medium,"Implement currency conversion implemented and tested|Integration with Stellar working|All tests passing|Documentation updated"
311,"Create multi-asset support","Create multi-asset support for payment processing",Payments & Transactions,payments;transactions;backend,medium,large,"Create multi-asset support implemented and tested|Integration with Stellar working|All tests passing|Documentation updated"
312,"Implement batch payments","Implement batch payments for payment processing",Payments & Transactions,payments;transactions;backend,medium,small,"Implement batch payments implemented and tested|Integration with Stellar working|All tests passing|Documentation updated"
313,"Create scheduled payments","Create scheduled payments for payment processing",Payments & Transactions,payments;transactions;backend,medium,medium,"Create scheduled payments implemented and tested|Integration with Stellar working|All tests passing|Documentation updated"
314,"Implement recurring payments","Implement recurring payments for payment processing",Payments & Transactions,payments;transactions;backend,low,large,"Implement recurring payments implemented and tested|Integration with Stellar working|All tests passing|Documentation updated"
315,"Create invoice system","Create invoice system for payment processing",Payments & Transactions,payments;transactions;backend,low,small,"Create invoice system implemented and tested|Integration with Stellar working|All tests passing|Documentation updated"
316,"Implement invoice tracking","Implement invoice tracking for payment processing",Payments & Transactions,payments;transactions;backend,low,medium,"Implement invoice tracking implemented and tested|Integration with Stellar working|All tests passing|Documentation updated"
317,"Create receipt generation","Create receipt generation for payment processing",Payments & Transactions,payments;transactions;backend,low,large,"Create receipt generation implemented and tested|Integration with Stellar working|All tests passing|Documentation updated"
318,"Implement transaction receipts","Implement transaction receipts for payment processing",Payments & Transactions,payments;transactions;backend,low,small,"Implement transaction receipts implemented and tested|Integration with Stellar working|All tests passing|Documentation updated"
319,"Create tax reporting","Create tax reporting for payment processing",Payments & Transactions,payments;transactions;backend,low,medium,"Create tax reporting implemented and tested|Integration with Stellar working|All tests passing|Documentation updated"
320,"Implement AML compliance","Implement AML compliance for payment processing",Payments & Transactions,payments;transactions;backend,low,large,"Implement AML compliance implemented and tested|Integration with Stellar working|All tests passing|Documentation updated"
321,"Create KYC integration","Create KYC integration for payment processing",Payments & Transactions,payments;transactions;backend,low,small,"Create KYC integration implemented and tested|Integration with Stellar working|All tests passing|Documentation updated"
322,"Implement transaction limits","Implement transaction limits for payment processing",Payments & Transactions,payments;transactions;backend,low,medium,"Implement transaction limits implemented and tested|Integration with Stellar working|All tests passing|Documentation updated"
323,"Create fraud detection system","Create fraud detection system for payment processing",Payments & Transactions,payments;transactions;backend,low,large,"Create fraud detection system implemented and tested|Integration with Stellar working|All tests passing|Documentation updated"
324,"Implement email notification system","Implement email notification system for user communication",Notifications,notifications;backend;communications,high,small,"Implement email notification system implemented|Integration tested|Delivery confirmed|Performance optimized"
325,"Create push notification system","Create push notification system for user communication",Notifications,notifications;backend;communications,high,medium,"Create push notification system implemented|Integration tested|Delivery confirmed|Performance optimized"
326,"Implement in-app notifications","Implement in-app notifications for user communication",Notifications,notifications;backend;communications,high,large,"Implement in-app notifications implemented|Integration tested|Delivery confirmed|Performance optimized"
327,"Create notification templating","Create notification templating for user communication",Notifications,notifications;backend;communications,high,small,"Create notification templating implemented|Integration tested|Delivery confirmed|Performance optimized"
328,"Implement email templates","Implement email templates for user communication",Notifications,notifications;backend;communications,high,medium,"Implement email templates implemented|Integration tested|Delivery confirmed|Performance optimized"
329,"Create notification preferences","Create notification preferences for user communication",Notifications,notifications;backend;communications,medium,large,"Create notification preferences implemented|Integration tested|Delivery confirmed|Performance optimized"
330,"Implement notification scheduling","Implement notification scheduling for user communication",Notifications,notifications;backend;communications,medium,small,"Implement notification scheduling implemented|Integration tested|Delivery confirmed|Performance optimized"
331,"Create notification history","Create notification history for user communication",Notifications,notifications;backend;communications,medium,medium,"Create notification history implemented|Integration tested|Delivery confirmed|Performance optimized"
332,"Implement webhook notifications","Implement webhook notifications for user communication",Notifications,notifications;backend;communications,medium,large,"Implement webhook notifications implemented|Integration tested|Delivery confirmed|Performance optimized"
333,"Create SMS notifications","Create SMS notifications for user communication",Notifications,notifications;backend;communications,medium,small,"Create SMS notifications implemented|Integration tested|Delivery confirmed|Performance optimized"
334,"Implement notification routing","Implement notification routing for user communication",Notifications,notifications;backend;communications,medium,medium,"Implement notification routing implemented|Integration tested|Delivery confirmed|Performance optimized"
335,"Create notification deduplication","Create notification deduplication for user communication",Notifications,notifications;backend;communications,medium,large,"Create notification deduplication implemented|Integration tested|Delivery confirmed|Performance optimized"
336,"Implement notification expiration","Implement notification expiration for user communication",Notifications,notifications;backend;communications,low,small,"Implement notification expiration implemented|Integration tested|Delivery confirmed|Performance optimized"
337,"Create notification testing","Create notification testing for user communication",Notifications,notifications;backend;communications,low,medium,"Create notification testing implemented|Integration tested|Delivery confirmed|Performance optimized"
338,"Implement notification monitoring","Implement notification monitoring for user communication",Notifications,notifications;backend;communications,low,large,"Implement notification monitoring implemented|Integration tested|Delivery confirmed|Performance optimized"
339,"Create notification analytics","Create notification analytics for user communication",Notifications,notifications;backend;communications,low,small,"Create notification analytics implemented|Integration tested|Delivery confirmed|Performance optimized"
340,"Implement unsub scribe links","Implement unsub scribe links for user communication",Notifications,notifications;backend;communications,low,medium,"Implement unsub scribe links implemented|Integration tested|Delivery confirmed|Performance optimized"
341,"Create notification retry logic","Create notification retry logic for user communication",Notifications,notifications;backend;communications,low,large,"Create notification retry logic implemented|Integration tested|Delivery confirmed|Performance optimized"
342,"Implement notification rate limiting","Implement notification rate limiting for user communication",Notifications,notifications;backend;communications,low,small,"Implement notification rate limiting implemented|Integration tested|Delivery confirmed|Performance optimized"
343,"Create notification dashboard","Create notification dashboard for user communication",Notifications,notifications;backend;communications,low,medium,"Create notification dashboard implemented|Integration tested|Delivery confirmed|Performance optimized"
344,"Setup Kubernetes deployment","Setup Kubernetes deployment for production environment",Deployment & Operations,devops;deployment;operations,high,large,"Setup Kubernetes deployment implemented|Tested in staging|Production ready|Team trained"
345,"Configure Helm charts","Configure Helm charts for production environment",Deployment & Operations,devops;deployment;operations,high,large,"Configure Helm charts implemented|Tested in staging|Production ready|Team trained"
346,"Implement auto-scaling","Implement auto-scaling for production environment",Deployment & Operations,devops;deployment;operations,high,large,"Implement auto-scaling implemented|Tested in staging|Production ready|Team trained"
347,"Create load balancer setup","Create load balancer setup for production environment",Deployment & Operations,devops;deployment;operations,high,large,"Create load balancer setup implemented|Tested in staging|Production ready|Team trained"
348,"Implement health checks","Implement health checks for production environment",Deployment & Operations,devops;deployment;operations,high,large,"Implement health checks implemented|Tested in staging|Production ready|Team trained"
349,"Create monitoring dashboard","Create monitoring dashboard for production environment",Deployment & Operations,devops;deployment;operations,medium,large,"Create monitoring dashboard implemented|Tested in staging|Production ready|Team trained"
350,"Setup alerting system","Setup alerting system for production environment",Deployment & Operations,devops;deployment;operations,medium,large,"Setup alerting system implemented|Tested in staging|Production ready|Team trained"
351,"Implement log aggregation","Implement log aggregation for production environment",Deployment & Operations,devops;deployment;operations,medium,large,"Implement log aggregation implemented|Tested in staging|Production ready|Team trained"
352,"Create incident response automation","Create incident response automation for production environment",Deployment & Operations,devops;deployment;operations,medium,large,"Create incident response automation implemented|Tested in staging|Production ready|Team trained"
353,"Implement blue-green deployment","Implement blue-green deployment for production environment",Deployment & Operations,devops;deployment;operations,medium,large,"Implement blue-green deployment implemented|Tested in staging|Production ready|Team trained"
354,"Create rollback procedures","Create rollback procedures for production environment",Deployment & Operations,devops;deployment;operations,low,large,"Create rollback procedures implemented|Tested in staging|Production ready|Team trained"
355,"Setup infrastructure as code","Setup infrastructure as code for production environment",Deployment & Operations,devops;deployment;operations,low,large,"Setup infrastructure as code implemented|Tested in staging|Production ready|Team trained"
356,"Implement configuration management","Implement configuration management for production environment",Deployment & Operations,devops;deployment;operations,low,large,"Implement configuration management implemented|Tested in staging|Production ready|Team trained"
357,"Create cost optimization","Create cost optimization for production environment",Deployment & Operations,devops;deployment;operations,low,large,"Create cost optimization implemented|Tested in staging|Production ready|Team trained"
358,"Setup disaster recovery","Setup disaster recovery for production environment",Deployment & Operations,devops;deployment;operations,low,large,"Setup disaster recovery implemented|Tested in staging|Production ready|Team trained"